{"epoch_errosHSGS": [10.1962890625, 0.0, 0.0, 0.0, 0.0, 0.0, 0.0, 0.0, 0.0, 0.0, 0.0, 0.0, 0.0, 0.0, 0.0, 0.0, 0.0, 0.0, 0.0, 0.0, 0.0, 0.0, 0.0, 0.0, 0.0, 0.0, 0.0, 0.0, 0.0, 0.0, 0.0, 0.0, 0.0, 0.0, 0.0, 0.0, 0.0, 0.0, 0.0, 0.0], "epoch_errosEncodingWeight": [297.3603515625, 290.2197265625, 289.966796875, 289.5986328125, 289.8798828125, 289.4931640625, 290.35546875, 290.5732421875, 290.5654296875, 289.943359375, 289.7646484375, 290.1552734375, 290.2353515625, 290.04296875, 289.642578125, 289.455078125, 290.591796875, 289.8544921875, 289.4052734375, 289.439453125, 289.90625, 289.7099609375, 290.09765625, 290.1865234375, 289.6005859375, 290.1005859375, 290.4931640625, 290.0498046875, 290.3583984375, 290.7734375, 289.63671875, 289.7890625, 290.3505859375, 290.576171875, 290.0966796875, 290.384765625, 289.85546875, 289.814453125, 289.9287109375, 290.3837890625], "epoch_errosEncodingInput": [318.064453125, 317.677734375, 317.875, 318.244140625, 318.05859375, 317.6884765625, 318.0390625, 318.2666015625, 318.3134765625, 318.83984375, 318.05078125, 317.984375, 317.6376953125, 318.1357421875, 318.24609375, 318.0888671875, 318.2998046875, 317.5029296875, 317.294921875, 317.99609375, 318.46484375, 317.4677734375, 318.0927734375, 317.5341796875, 318.2861328125, 317.72265625, 318.48828125, 317.5712890625, 318.154296875, 318.310546875, 318.044921875, 317.7421875, 318.2255859375, 317.52734375, 318.4189453125, 318.013671875, 317.78125, 317.873046875, 317.7255859375, 318.5146484375]}