{"error_HSGS": [0.6354, 0.6354, 0.6354, 0.6354, 0.6354, 0.6354, 0.6354, 0.6354, 0.6354, 0.6354], "error_encoding_weight": [0.6354, 0.6354, 0.6354, 0.6354, 0.6354, 0.6354, 0.6354, 0.6354, 0.6354, 0.6354], "error_encoding_input": [0.6354, 0.6354, 0.6354, 0.6354, 0.6354, 0.6354, 0.6354, 0.6354, 0.6354, 0.6354], "error_classic": [0.6354, 0.6354, 0.6354, 0.6354, 0.6354, 0.6354, 0.6354, 0.6354, 0.6354, 0.6354], "error_classic_bin": [0.6354, 0.6354, 0.6354, 0.6354, 0.6354, 0.6354, 0.6354, 0.6354, 0.6354, 0.6354], "weights_learned_HSGS": [[-1, 1, -1, -1, -1, -1, -1, -1, -1, 1, -1, 1, -1, 1, -1, 1, -1, 1, -1, -1, 1, 1, -1, 1, 1, 1, -1, -1, -1, 1, -1, -1, 1, 1, 1, -1, 1, 1, -1, 1, 1, 1, -1, 1, -1, -1, 1, -1, -1, -1, -1, 1, -1, -1, -1, -1, 1, -1, 1, 1, -1, -1, 1, -1, -1, 1, 1, 1, 1, 1, 1, -1, -1, 1, -1, -1, 1, -1, 1, 1, 1, 1, 1, -1, -1, 1, -1, 1, 1, 1, -1, 1, -1, 1, -1, -1, 1, 1, -1, 1, -1, 1, 1, -1, 1, 1, -1, 1, 1, 1, -1, -1, 1, 1, -1, 1, 1, 1, 1, -1, -1, -1, -1, -1, 1, 1, 1, 1], [0.10110842158, 0.101108384133, -0.023741359052, -0.012854673323, -0.066290400683, -0.030689904272, 0.094159859294, 0.081000215913, 0.10110842158, -0.058625577086, -0.04512057527, -0.019008255113, 0.092820245227, 0.024180066345, -0.018488806507, -0.048356882926, 0.10110842158, -0.033775750413, 0.033846550248, 0.030645011372, -0.087072426482, -0.092146406123, 0.058488082749, 0.011764066066, 0.096239552917, 0.097954897315, -0.023701892319, -0.024163184397, 0.100354262763, -0.026892104353, -0.013667822422, 0.087398566108, 0.10110842158, 0.101075795822, 0.10110842158, -0.010512926214, 0.1003710904, -0.010465013154, 0.100372156264, 0.100369611304, 0.10110842158, 0.079844864143, -0.079844864143, -0.014904065745, -0.091602684051, -0.048713362538, -0.070126677221, 0.070417436515, 0.10110842158, 0.10110842158, -0.053112334208, 0.09294754834, 0.095449591696, 0.032317708806, -0.06805560634, -0.030349700637, 0.10110842158, 0.066815558896, -0.053093235309, 0.096216841232, 0.085858086109, 0.091821679394, 0.049731538022, 0.080998348748, -0.10110842158, -0.10110842158, -0.10110842158, -0.10110842158, -0.10110842158, -0.10110842158, -0.10110842158, -0.10110842158, -0.10110842158, -0.10110842158, -0.10110842158, -0.10110842158, -0.10110842158, -0.10110842158, -0.10110842158, -0.10110842158, -0.10110842158, -0.10110842158, -0.10110842158, -0.10110842158, -0.10110842158, -0.10110842158, -0.10110842158, -0.10110842158, -0.10110842158, -0.10110842158, -0.10110842158, -0.10110842158, -0.10110842158, -0.10110842158, -0.10110842158, -0.10110842158, -0.10110842158, -0.10110842158, -0.10110842158, -0.10110842158, -0.10110842158, -0.10110842158, -0.10110842158, -0.10110842158, -0.10110842158, -0.10110842158, -0.10110842158, -0.10110842158, -0.10110842158, -0.10110842158, -0.10110842158, -0.10110842158, -0.10110842158, -0.10110842158, -0.10110842158, -0.10110842158, -0.10110842158, -0.10110842158, -0.10110842158, -0.10110842158, -0.10110842158, -0.10110842158, -0.10110842158, -0.10110842158, -0.10110842158, -0.10110842158, -0.10110842158, -0.10110842158]], "weights_learned_encoding_weight": [[1, -1, 1, 1, 1, 1, 1, 1, 1, -1, 1, -1, 1, -1, 1, -1, 1, -1, 1, 1, -1, -1, 1, -1, -1, -1, 1, 1, 1, -1, 1, 1, -1, -1, -1, 1, -1, -1, 1, -1, -1, -1, 1, -1, 1, 1, -1, 1, 1, 1, 1, -1, 1, 1, 1, 1, -1, 1, -1, -1, 1, 1, -1, 1, 1, -1, -1, -1, -1, -1, -1, 1, 1, -1, 1, 1, -1, 1, -1, -1, -1, -1, -1, 1, 1, -1, 1, -1, -1, -1, 1, -1, 1, -1, 1, 1, -1, -1, 1, -1, 1, -1, -1, 1, -1, -1, 1, -1, -1, -1, 1, 1, -1, -1, 1, -1, -1, -1, -1, 1, 1, 1, 1, 1, -1, -1, -1, -1], [0.102390436731, 0.102390110186, -0.01601154135, -0.003730334539, -0.06054788668, -0.026300589134, 0.092101249439, 0.075733299776, 0.102390436731, -0.053273972473, -0.039822033193, -0.012219464712, 0.090201380811, 0.016675522613, -0.010845998494, -0.044937167764, 0.102390436731, -0.031016435534, 0.031200804902, 0.02614525445, -0.084238921851, -0.088887616109, 0.052967000513, 0.001464149673, 0.095734285121, 0.097506636038, -0.015875336169, -0.01661059819, 0.10089893695, -0.020887843351, -0.004360480198, 0.085034256395, 0.102390436731, 0.102283404196, 0.10239043673, 0.000531625389, 0.100969717521, 0.000700127499, 0.100975956908, 0.10096332325, 0.102390436731, 0.074251866085, -0.074251866079, -0.006294280412, -0.088261209495, -0.038596478809, -0.066652755284, 0.067351861352, 0.102390436731, 0.102390436731, -0.048798970232, 0.090462421266, 0.094176685199, 0.028505866414, -0.063306736969, -0.025455201222, 0.102390436731, 0.062756727242, -0.048745671752, 0.095637815859, 0.082341324575, 0.088796672414, 0.040025182118, 0.075724120045, -0.102390436731, -0.102390436731, -0.102390436731, -0.102390436731, -0.102390436731, -0.102390436731, -0.102390436731, -0.102390436731, -0.102390436731, -0.102390436731, -0.102390436731, -0.102390436731, -0.102390436731, -0.102390436731, -0.102390436731, -0.102390436731, -0.102390436731, -0.102390436731, -0.102390436731, -0.102390436731, -0.102390436731, -0.102390436731, -0.102390436731, -0.102390436731, -0.102390436731, -0.102390436731, -0.102390436731, -0.102390436731, -0.102390436731, -0.102390436731, -0.102390436731, -0.102390436731, -0.102390436731, -0.102390436731, -0.102390436731, -0.102390436731, -0.102390436731, -0.102390436731, -0.102390436731, -0.102390436731, -0.102390436731, -0.102390436731, -0.102390436731, -0.102390436731, -0.102390436731, -0.102390436731, -0.102390436731, -0.102390436731, -0.102390436731, -0.102390436731, -0.102390436731, -0.102390436731, -0.102390436731, -0.102390436731, -0.102390436731, -0.102390436731, -0.102390436731, -0.102390436731, -0.102390436731, -0.102390436731, -0.102390436731, -0.102390436731, -0.102390436731, -0.102390436731]],