{"error_HSGS": [0.0, 0.0, 0.0, 0.0, 0.0, 0.0, 0.0, 0.0, 0.0, 0.0], "error_encoding_weight": [0.0, 0.0, 0.0, 0.0, 0.0, 0.0, 0.0, 0.0, 0.0, 0.0], "error_encoding_input": [0.0, 0.0, 0.0, 0.0, 0.0, 0.0, 0.0, 0.0, 0.0, 0.0], "error_phase_encoding": [0.5, 0.5, 0.5, 0.5, 0.5, 0.5, 0.5, 0.5, 0.5, 0.5], "output_HSGS": [0.0, 0.0, 0.0, 0.0, 0.0, 0.0, 0.0, 0.0, 0.0, 0.0, 0.0, 0.0, 0.0, 0.0, 0.0, 0.0, 0.0, 0.0, 0.0, 0.0, 1.0, 1.0, 1.0, 1.0, 1.0, 1.0, 1.0, 1.0, 1.0, 1.0, 1.0, 1.0, 1.0, 1.0, 1.0, 1.0, 1.0, 1.0, 1.0, 1.0, 0.0, 0.0, 0.0, 0.0, 0.0, 0.0, 0.0, 0.0, 0.0, 0.0, 0.0, 0.0, 0.0, 0.0, 0.0, 0.0, 0.0, 0.0, 0.0, 0.0, 1.0, 1.0, 1.0, 1.0, 1.0, 1.0, 1.0, 1.0, 1.0, 1.0, 1.0, 1.0, 1.0, 1.0, 1.0, 1.0, 1.0, 1.0, 1.0, 1.0, 0.0, 0.0, 0.0, 0.0, 0.0, 0.0, 0.0, 0.0, 0.0, 0.0, 0.0, 0.0, 0.0, 0.0, 0.0, 0.0, 0.0, 0.0, 0.0, 0.0, 1.0, 1.0, 1.0, 1.0, 1.0, 1.0, 1.0, 1.0, 1.0, 1.0, 1.0, 1.0, 1.0, 1.0, 1.0, 1.0, 1.0, 1.0, 1.0, 1.0, 0.0, 0.0, 0.0, 0.0, 0.0, 0.0, 0.0, 0.0, 0.0, 0.0, 0.0, 0.0, 0.0, 0.0, 0.0, 0.0, 0.0, 0.0, 0.0, 0.0, 1.0, 1.0, 1.0, 1.0, 1.0, 1.0, 1.0, 1.0, 1.0, 1.0, 1.0, 1.0, 1.0, 1.0, 1.0, 1.0, 1.0, 1.0, 1.0, 1.0, 0.0, 0.0, 0.0, 0.0, 0.0, 0.0, 0.0, 0.0, 0.0, 0.0, 0.0, 0.0, 0.0, 0.0, 0.0, 0.0, 0.0, 0.0, 0.0, 0.0, 1.0, 1.0, 1.0, 1.0, 1.0, 1.0, 1.0, 1.0, 1.0, 1.0, 1.0, 1.0, 1.0, 1.0, 1.0, 1.0, 1.0, 1.0, 1.0, 1.0, 0.0, 0.0, 0.0, 0.0, 0.0, 0.0, 0.0, 0.0, 0.0, 0.0, 0.0, 0.0, 0.0, 0.0, 0.0, 0.0, 0.0, 0.0, 0.0, 0.0, 1.0, 1.0, 1.0, 1.0, 1.0, 1.0, 1.0, 1.0, 1.0, 1.0, 1.0, 1.0, 1.0, 1.0, 1.0, 1.0, 1.0, 1.0, 1.0, 1.0, 0.0, 0.0, 0.0, 0.0, 0.0, 0.0, 0.0, 0.0, 0.0, 0.0, 0.0, 0.0, 0.0, 0.0, 0.0, 0.0, 0.0, 0.0, 0.0, 0.0, 1.0, 1.0, 1.0, 1.0, 1.0, 1.0, 1.0, 1.0, 1.0, 1.0, 1.0, 1.0, 1.0, 1.0, 1.0, 1.0, 1.0, 1.0, 1.0, 1.0, 0.0, 0.0, 0.0, 0.0, 0.0, 0.0, 0.0, 0.0, 0.0, 0.0, 0.0, 0.0, 0.0, 0.0, 0.0, 0.0, 0.0, 0.0, 0.0, 0.0, 1.0, 1.0, 1.0, 1.0, 1.0, 1.0, 1.0, 1.0, 1.0, 1.0, 1.0, 1.0, 1.0, 1.0, 1.0, 1.0, 1.0, 1.0, 1.0, 1.0, 0.0, 0.0, 0.0, 0.0, 0.0, 0.0, 0.0, 0.0, 0.0, 0.0, 0.0, 0.0, 0.0, 0.0, 0.0, 0.0, 0.0, 0.0, 0.0, 0.0, 1.0, 1.0, 1.0, 1.0, 1.0, 1.0, 1.0, 1.0, 1.0, 1.0, 1.0, 1.0, 1.0, 1.0, 1.0, 1.0, 1.0, 1.0, 1.0, 1.0, 0.0, 0.0, 0.0, 0.0, 0.0, 0.0, 0.0, 0.0, 0.0, 0.0, 0.0, 0.0, 0.0, 0.0, 0.0, 0.0, 0.0, 0.0, 0.0, 0.0, 1.0, 1.0, 1.0, 1.0, 1.0, 1.0, 1.0, 1.0, 1.0, 1.0, 1.0, 1.0, 1.0, 1.0, 1.0, 1.0, 1.0, 1.0, 1.0, 1.0], "output_encoding_weight": [0.0458984375, 0.0546875, 0.0380859375, 0.048828125, 0.05859375, 0.0458984375, 0.04296875, 0.0498046875, 0.046875, 0.048828125, 0.0537109375, 0.056640625, 0.0615234375, 0.0498046875, 0.044921875, 0.04296875, 0.0498046875, 0.0546875, 0.056640625, 0.0595703125, 0.9482421875, 0.94921875, 0.9482421875, 0.9482421875, 0.953125, 0.9501953125, 0.94921875, 0.9375, 0.9404296875, 0.951171875, 0.9443359375, 0.9423828125, 0.9482421875, 0.9619140625, 0.9423828125, 0.9521484375, 0.9609375, 0.9501953125, 0.9482421875, 0.95703125, 0.048828125, 0.04296875, 0.0439453125, 0.056640625, 0.052734375, 0.048828125, 0.0546875, 0.056640625, 0.0498046875, 0.0498046875, 0.0537109375, 0.0546875, 0.0380859375, 0.0595703125, 0.033203125, 0.056640625, 0.0458984375, 0.0556640625, 0.052734375, 0.0595703125, 0.9462890625, 0.9619140625, 0.951171875, 0.962890625, 0.94921875, 0.9521484375, 0.9423828125, 0.955078125, 0.94921875, 0.9521484375, 0.9482421875, 0.9453125, 0.9375, 0.947265625, 0.9453125, 0.94140625, 0.9482421875, 0.9609375, 0.955078125, 0.9521484375, 0.056640625, 0.0458984375, 0.0458984375, 0.0498046875, 0.044921875, 0.0498046875, 0.0498046875, 0.0546875, 0.048828125, 0.0439453125, 0.0517578125, 0.0576171875, 0.0546875, 0.05859375, 0.048828125, 0.044921875, 0.0439453125, 0.0546875, 0.05859375, 0.0546875, 0.95703125, 0.951171875, 0.9521484375, 0.9501953125, 0.951171875, 0.9453125, 0.9453125, 0.9541015625, 0.9560546875, 0.951171875, 0.9541015625, 0.947265625, 0.93359375, 0.943359375, 0.9619140625, 0.955078125, 0.947265625, 0.9482421875, 0.94921875, 0.9423828125, 0.0595703125, 0.041015625, 0.068359375, 0.0537109375, 0.0576171875, 0.060546875, 0.0478515625, 0.0458984375, 0.0458984375, 0.0478515625, 0.041015625, 0.060546875, 0.0576171875, 0.0419921875, 0.0517578125, 0.04296875, 0.0498046875, 0.046875, 0.0546875, 0.0546875, 0.9453125, 0.9443359375, 0.95703125, 0.943359375, 0.9482421875, 0.943359375, 0.955078125, 0.943359375, 0.9365234375, 0.9306640625, 0.953125, 0.9462890625, 0.96484375, 0.951171875, 0.9443359375, 0.94921875, 0.9453125, 0.9482421875, 0.9609375, 0.95703125, 0.0517578125, 0.0458984375, 0.0517578125, 0.0517578125, 0.0419921875, 0.056640625, 0.0537109375, 0.0458984375, 0.041015625, 0.0576171875, 0.0517578125, 0.04296875, 0.0654296875, 0.0556640625, 0.0439453125, 0.056640625, 0.0478515625, 0.0576171875, 0.04296875, 0.05078125, 0.947265625, 0.958984375, 0.9365234375, 0.9462890625, 0.9521484375, 0.9580078125, 0.9521484375, 0.9541015625, 0.9287109375, 0.9521484375, 0.9375, 0.9443359375, 0.9462890625, 0.943359375, 0.951171875, 0.953125, 0.958984375, 0.947265625, 0.953125, 0.953125, 0.0458984375, 0.048828125, 0.0517578125, 0.046875, 0.0439453125, 0.0537109375, 0.04296875, 0.0498046875, 0.0576171875, 0.04296875, 0.046875, 0.048828125, 0.0390625, 0.04296875, 0.0537109375, 0.04296875, 0.052734375, 0.05078125, 0.041015625, 0.041015625, 0.953125, 0.9482421875, 0.953125, 0.953125, 0.9521484375, 0.9560546875, 0.9326171875, 0.9501953125, 0.955078125, 0.947265625, 0.966796875, 0.955078125, 0.955078125, 0.95703125, 0.951171875, 0.9501953125, 0.955078125, 0.9443359375, 0.9443359375, 0.9423828125, 0.0458984375, 0.0546875, 0.046875, 0.0537109375, 0.0341796875, 0.0478515625, 0.0537109375, 0.0537109375, 0.0498046875, 0.0419921875, 0.04296875, 0.048828125, 0.048828125, 0.052734375, 0.044921875, 0.0498046875, 0.0546875, 0.0517578125, 0.041015625, 0.056640625, 0.955078125, 0.953125, 0.962890625, 0.94921875, 0.94921875, 0.9501953125, 0.947265625, 0.9521484375, 0.9482421875, 0.9501953125, 0.9580078125, 0.94921875, 0.9482421875, 0.94921875, 0.9580078125, 0.9541015625, 0.955078125, 0.9423828125, 0.9453125, 0.943359375, 0.0439453125, 0.046875, 0.046875, 0.0439453125, 0.0458984375, 0.0498046875, 0.04296875, 0.0537109375, 0.0615234375, 0.048828125, 0.0380859375, 0.0517578125, 0.0498046875, 0.0478515625, 0.052734375, 0.0576171875, 0.0517578125, 0.0390625, 0.0400390625, 0.0478515625, 0.9521484375, 0.9462890625, 0.9501953125, 0.955078125, 0.94140625, 0.9521484375, 0.9345703125, 0.9482421875, 0.953125, 0.95703125, 0.9501953125, 0.94921875, 0.94921875, 0.947265625, 0.9443359375, 0.943359375, 0.9453125, 0.95703125, 0.9580078125, 0.95703125, 0.0361328125, 0.0380859375, 0.0400390625, 0.0615234375, 0.048828125, 0.05078125, 0.0537109375, 0.0498046875, 0.044921875, 0.05078125, 0.0380859375, 0.064453125, 0.0498046875, 0.044921875, 0.056640625, 0.05078125, 0.046875, 0.0517578125, 0.0478515625, 0.0517578125, 0.9580078125, 0.955078125, 0.9560546875, 0.9462890625, 0.9404296875, 0.955078125, 0.9619140625, 0.9580078125, 0.94921875, 0.951171875, 0.958984375, 0.9306640625, 0.9501953125, 0.9501953125, 0.955078125, 0.9375, 0.9609375, 0.94921875, 0.9521484375, 0.9638671875, 0.052734375, 0.056640625, 0.048828125, 0.03515625, 0.052734375, 0.060546875, 0.05078125, 0.0556640625, 0.056640625, 0.0546875, 0.046875, 0.0498046875, 0.0556640625, 0.0537109375, 0.0400390625, 0.048828125, 0.044921875, 0.0498046875, 0.052734375, 0.06640625, 0.9482421875, 0.9521484375, 0.955078125, 0.951171875, 0.94140625, 0.9501953125, 0.9501953125, 0.955078125, 0.9521484375, 0.9501953125, 0.9541015625, 0.9423828125, 0.958984375, 0.9521484375, 0.9326171875, 0.962890625, 0.9560546875, 0.955078125, 0.955078125, 0.9384765625],