{"error_HSGS": [0.5, 0.5, 0.5, 0.5, 0.5, 0.5, 0.5, 0.5, 0.5, 0.5], "error_encoding_weight": [0.0, 0.0, 0.0, 0.0, 0.0, 0.0, 0.0, 0.0, 0.0, 0.0], "error_encoding_input": [0.45, 0.4, 0.6, 0.65, 0.5, 0.5, 0.65, 0.5, 0.6, 0.65], "error_phase_encoding": [0.5, 0.5, 0.5, 0.5, 0.5, 0.5, 0.5, 0.5, 0.5, 0.5], "output_HSGS": [1.0, 1.0, 1.0, 1.0, 1.0, 1.0, 1.0, 1.0, 1.0, 1.0, 1.0, 1.0, 1.0, 1.0, 1.0, 1.0, 1.0, 1.0, 1.0, 1.0, 1.0, 1.0, 1.0, 1.0, 1.0, 1.0, 1.0, 1.0, 1.0, 1.0, 1.0, 1.0, 1.0, 1.0, 1.0, 1.0, 1.0, 1.0, 1.0, 1.0, 1.0, 1.0, 1.0, 1.0, 1.0, 1.0, 1.0, 1.0, 1.0, 1.0, 1.0, 1.0, 1.0, 1.0, 1.0, 1.0, 1.0, 1.0, 1.0, 1.0, 1.0, 1.0, 1.0, 1.0, 1.0, 1.0, 1.0, 1.0, 1.0, 1.0, 1.0, 1.0, 1.0, 1.0, 1.0, 1.0, 1.0, 1.0, 1.0, 1.0, 1.0, 1.0, 1.0, 1.0, 1.0, 1.0, 1.0, 1.0, 1.0, 1.0, 1.0, 1.0, 1.0, 1.0, 1.0, 1.0, 1.0, 1.0, 1.0, 1.0, 1.0, 1.0, 1.0, 1.0, 1.0, 1.0, 1.0, 1.0, 1.0, 1.0, 1.0, 1.0, 1.0, 1.0, 1.0, 1.0, 1.0, 1.0, 1.0, 1.0, 1.0, 1.0, 1.0, 1.0, 1.0, 1.0, 1.0, 1.0, 1.0, 1.0, 1.0, 1.0, 1.0, 1.0, 1.0, 1.0, 1.0, 1.0, 1.0, 1.0, 1.0, 1.0, 1.0, 1.0, 1.0, 1.0, 1.0, 1.0, 1.0, 1.0, 1.0, 1.0, 1.0, 1.0, 1.0, 1.0, 1.0, 1.0, 1.0, 1.0, 1.0, 1.0, 1.0, 1.0, 1.0, 1.0, 1.0, 1.0, 1.0, 1.0, 1.0, 1.0, 1.0, 1.0, 1.0, 1.0, 1.0, 1.0, 1.0, 1.0, 1.0, 1.0, 1.0, 1.0, 1.0, 1.0, 1.0, 1.0, 1.0, 1.0, 1.0, 1.0, 1.0, 1.0, 1.0, 1.0, 1.0, 1.0, 1.0, 1.0], "output_encoding_weight": [0.0, 0.0, 0.0, 0.0, 0.0, 0.0, 0.0, 0.0, 0.0, 0.0, 0.9990234375, 0.9990234375, 1.0, 1.0, 1.0, 1.0, 0.9990234375, 1.0, 1.0, 1.0, 0.0, 0.0, 0.0, 0.0, 0.0, 0.0, 0.0, 0.0, 0.0, 0.0, 0.998046875, 1.0, 0.9990234375, 1.0, 0.9990234375, 0.9990234375, 1.0, 1.0, 1.0, 1.0, 0.0, 0.0, 0.0, 0.0, 0.0, 0.0, 0.0, 0.0, 0.0, 0.0, 0.998046875, 0.998046875, 0.9970703125, 1.0, 0.9990234375, 1.0, 1.0, 0.9990234375, 0.9990234375, 0.9990234375, 0.0, 0.0, 0.0, 0.0, 0.0, 0.0, 0.0, 0.0, 0.0, 0.0, 0.9990234375, 1.0, 1.0, 0.998046875, 0.9990234375, 0.998046875, 0.9990234375, 0.9990234375, 1.0, 1.0, 0.0, 0.0, 0.0, 0.0, 0.0, 0.0, 0.0, 0.0, 0.0, 0.0, 1.0, 1.0, 1.0, 0.998046875, 0.9990234375, 1.0, 1.0, 1.0, 1.0, 1.0, 0.0, 0.0, 0.0, 0.0, 0.0, 0.0, 0.0, 0.0, 0.0, 0.0, 0.9990234375, 0.9970703125, 0.9990234375, 0.9990234375, 1.0, 1.0, 1.0, 0.9990234375, 0.9990234375, 0.998046875, 0.0, 0.0, 0.0, 0.0, 0.0, 0.0, 0.0, 0.0, 0.0, 0.0, 0.9990234375, 1.0, 1.0, 1.0, 1.0, 1.0, 1.0, 1.0, 0.998046875, 0.998046875, 0.0, 0.0, 0.0, 0.0, 0.0, 0.0, 0.0, 0.0, 0.0, 0.0, 1.0, 0.998046875, 1.0, 0.9990234375, 1.0, 1.0, 0.9990234375, 0.998046875, 0.9990234375, 1.0, 0.0, 0.0, 0.0, 0.0, 0.0, 0.0, 0.0, 0.0, 0.0, 0.0, 1.0, 0.998046875, 1.0, 1.0, 1.0, 1.0, 1.0, 1.0, 1.0, 0.9990234375, 0.0, 0.0, 0.0, 0.0, 0.0, 0.0, 0.0, 0.0, 0.0, 0.0, 0.9970703125, 0.998046875, 0.9990234375, 0.9990234375, 1.0, 1.0, 1.0, 0.9990234375, 0.9990234375, 1.0], "output_encoding_input": [0.4853515625, 0.5224609375, 0.484375, 0.4775390625, 0.4951171875, 0.4931640625, 0.474609375, 0.5146484375, 0.505859375, 0.4951171875, 0.5048828125, 0.4912109375, 0.4892578125, 0.5068359375, 0.517578125, 0.4990234375, 0.5009765625, 0.486328125, 0.474609375, 0.501953125, 0.490234375, 0.51171875, 0.498046875, 0.501953125, 0.4716796875, 0.505859375, 0.4775390625, 0.4892578125, 0.5078125, 0.490234375, 0.5234375, 0.517578125, 0.5166015625, 0.4892578125, 0.4970703125, 0.466796875, 0.48828125, 0.5322265625, 0.5146484375, 0.517578125, 0.50390625, 0.5234375, 0.5068359375, 0.517578125, 0.4814453125, 0.5126953125, 0.5, 0.4814453125, 0.5078125, 0.509765625, 0.4951171875, 0.50390625, 0.5146484375, 0.5068359375, 0.515625, 0.4755859375, 0.486328125, 0.494140625, 0.4931640625, 0.51953125, 0.4921875, 0.5146484375, 0.509765625, 0.4951171875, 0.5107421875, 0.505859375, 0.4951171875, 0.50390625, 0.50390625, 0.505859375, 0.5146484375, 0.5234375, 0.509765625, 0.5048828125, 0.50390625, 0.48046875, 0.4921875, 0.50390625, 0.4755859375, 0.5087890625, 0.501953125, 0.48828125, 0.501953125, 0.5107421875, 0.50390625, 0.48828125, 0.4990234375, 0.5107421875, 0.509765625, 0.5078125, 0.4921875, 0.5078125, 0.5087890625, 0.501953125, 0.5302734375, 0.5068359375, 0.505859375, 0.5068359375, 0.5048828125, 0.51171875, 0.517578125, 0.498046875, 0.5048828125, 0.4716796875, 0.4931640625, 0.474609375, 0.4853515625, 0.48828125, 0.501953125, 0.48828125, 0.50390625, 0.486328125, 0.49609375, 0.494140625, 0.50390625, 0.517578125, 0.5, 0.5078125, 0.5048828125, 0.50390625, 0.5185546875, 0.48828125, 0.5048828125, 0.505859375, 0.515625, 0.52734375, 0.4921875, 0.5146484375, 0.5078125, 0.4873046875, 0.5029296875, 0.5146484375, 0.501953125, 0.5009765625, 0.5068359375, 0.5126953125, 0.4990234375, 0.5224609375, 0.501953125, 0.46875, 0.49609375, 0.486328125, 0.5087890625, 0.5087890625, 0.4873046875, 0.5, 0.4892578125, 0.53515625, 0.5126953125, 0.5166015625, 0.5234375, 0.515625, 0.48828125, 0.5, 0.5068359375, 0.5009765625, 0.50390625, 0.5, 0.505859375, 0.4736328125, 0.4970703125, 0.5341796875, 0.525390625, 0.5, 0.505859375, 0.509765625, 0.5224609375, 0.509765625, 0.5078125, 0.49609375, 0.5009765625, 0.48046875, 0.5078125, 0.4931640625, 0.48828125, 0.5126953125, 0.515625, 0.4697265625, 0.5068359375, 0.4873046875, 0.5009765625, 0.5302734375, 0.4951171875, 0.5205078125, 0.53125, 0.4951171875, 0.501953125, 0.5029296875, 0.5068359375, 0.5126953125, 0.486328125, 0.498046875, 0.4697265625, 0.5234375, 0.5029296875, 0.482421875, 0.4755859375, 0.533203125, 0.4931640625, 0.490234375], "output_phase_encoding": [0.0, 0.0, 0.0, 0.0, 0.0, 0.0, 0.0, 0.0, 0.0, 0.0, 0.0, 0.0, 0.0, 0.0, 0.0, 0.0, 0.0, 0.0, 0.0, 0.0, 0.0, 0.0, 0.0, 0.0, 0.0, 0.0, 0.0, 0.0, 0.0, 0.0, 0.0, 0.0, 0.0, 0.0, 0.0, 0.0, 0.0, 0.0, 0.0, 0.0, 0.0, 0.0, 0.0, 0.0, 0.0, 0.0, 0.0, 0.0, 0.0, 0.0, 0.0, 0.0, 0.0, 0.0, 0.0, 0.0, 0.0, 0.0, 0.0, 0.0, 0.0, 0.0, 0.0, 0.0, 0.0, 0.0, 0.0, 0.0, 0.0, 0.0, 0.0, 0.0, 0.0, 0.0, 0.0, 0.0, 0.0, 0.0, 0.0, 0.0, 0.0, 0.0, 0.0, 0.0, 0.0, 0.0, 0.0, 0.0, 0.0, 0.0, 0.0, 0.0, 0.0, 0.0, 0.0, 0.0, 0.0, 0.0, 0.0, 0.0, 0.0, 0.0, 0.0, 0.0, 0.0, 0.0, 0.0, 0.0, 0.0, 0.0, 0.0, 0.0, 0.0, 0.0, 0.0, 0.0, 0.0, 0.0, 0.0, 0.0, 0.0, 0.0, 0.0, 0.0, 0.0, 0.0, 0.0, 0.0, 0.0, 0.0, 0.0, 0.0, 0.0, 0.0, 0.0, 0.0, 0.0, 0.0, 0.0, 0.0, 0.0, 0.0, 0.0, 0.0, 0.0, 0.0, 0.0, 0.0, 0.0, 0.0, 0.0, 0.0, 0.0, 0.0, 0.0, 0.0, 0.0, 0.0, 0.0, 0.0, 0.0, 0.0, 0.0, 0.0, 0.0, 0.0, 0.0, 0.0, 0.0, 0.0, 0.0, 0.0, 0.0, 0.0, 0.0, 0.0, 0.0, 0.0, 0.0, 0.0, 0.0, 0.0, 0.0, 0.0, 0.0, 0.0, 0.0, 0.0, 0.0, 0.0, 0.0, 0.0, 0.0, 0.0, 0.0, 0.0, 0.0, 0.0, 0.0, 0.0], "weights_learned_HSGS": [[-2e-12, 2e-12, -0.707106781187, -0.707106781187], [-0.5, -0.5, -0.5, -0.5]], "weights_learned_encoding_weight": [[4e-12, -4e-12, -0.707106781187, -0.707106781187], [0.511746245219, -0.487971085726, -0.487971085726, 0.511746245219]], "weights_learned_encoding_input": [[-3e-12, 3e-12, -0.707106781187, -0.707106781187], [-3e-12, -0.707106781187, -0.707106781187, -3e-12]], "weights_learned_phase_encoding": [[-2e-12, 2e-12, -0.707106781187, -0.707106781187], [-0.5, -0.5, -0.5, -0.5]]}