{"error_HSGS": [0.0, 0.0, 0.0, 0.0, 0.0, 0.0, 0.0, 0.0, 0.0, 0.0], "error_encoding_weight": [0.0, 0.0, 0.0, 0.0, 0.0, 0.0, 0.0, 0.0, 0.0, 0.0], "error_encoding_input": [0.0, 0.0, 0.0, 0.0, 0.0, 0.0, 0.0, 0.0, 0.0, 0.0], "error_phase_encoding": [0.5, 0.5, 0.5, 0.5, 0.5, 0.5, 0.5, 0.5, 0.5, 0.5], "output_HSGS": [0.0, 0.0, 1.0, 1.0, 0.0, 0.0, 1.0, 1.0, 0.0, 0.0, 1.0, 1.0, 0.0, 0.0, 1.0, 1.0, 0.0, 0.0, 1.0, 1.0, 0.0, 0.0, 1.0, 1.0, 0.0, 0.0, 1.0, 1.0, 0.0, 0.0, 1.0, 1.0, 0.0, 0.0, 1.0, 1.0, 0.0, 0.0, 1.0, 1.0], "output_encoding_weight": [0.048828125, 0.0546875, 0.953125, 0.9384765625, 0.0546875, 0.04296875, 0.9453125, 0.9384765625, 0.056640625, 0.04296875, 0.962890625, 0.9404296875, 0.0546875, 0.0576171875, 0.9541015625, 0.951171875, 0.046875, 0.044921875, 0.943359375, 0.94921875, 0.0517578125, 0.0478515625, 0.94921875, 0.9580078125, 0.0498046875, 0.0400390625, 0.947265625, 0.9580078125, 0.0439453125, 0.0400390625, 0.9541015625, 0.9521484375, 0.0556640625, 0.0390625, 0.9423828125, 0.935546875, 0.0341796875, 0.048828125, 0.9375, 0.958984375], "output_encoding_input": [0.0, 0.0, 1.0, 1.0, 0.0, 0.0, 1.0, 1.0, 0.0, 0.0, 1.0, 1.0, 0.0, 0.0, 1.0, 1.0, 0.0, 0.0, 1.0, 1.0, 0.0, 0.0, 1.0, 1.0, 0.0, 0.0, 1.0, 1.0, 0.0, 0.0, 1.0, 1.0, 0.0, 0.0, 1.0, 1.0, 0.0, 0.0, 1.0, 1.0], "output_phase_encoding": [0.9501953125, 0.9462890625, 0.9462890625, 0.953125, 0.9501953125, 0.9384765625, 0.955078125, 0.9521484375, 0.9443359375, 0.9423828125, 0.94921875, 0.947265625, 0.935546875, 0.943359375, 0.9443359375, 0.94921875, 0.9423828125, 0.9560546875, 0.953125, 0.9599609375, 0.9482421875, 0.947265625, 0.94921875, 0.947265625, 0.935546875, 0.9462890625, 0.951171875, 0.94140625, 0.9404296875, 0.9384765625, 0.951171875, 0.9501953125, 0.9453125, 0.9443359375, 0.9423828125, 0.953125, 0.9541015625, 0.947265625, 0.9580078125, 0.947265625], "weights_learned_HSGS": [[-0.999971065555, -0.007607105459], [-0.999971065555, 0.007607105459]], "weights_learned_encoding_weight": [[-0.533575582662, -0.845752385505], [-0.533484242419, 0.845810004132]], "weights_learned_encoding_input": [[-0.997075802915, -0.076418867054], [-0.997075802915, 0.076418867054]], "weights_learned_phase_encoding": [[-0.707106781187, 0.707106781187], [-0.776451904276, 0.630176515229]]}