{"error_HSGS": [0.0, 0.0, 0.0, 0.0, 0.0, 0.0, 0.0, 0.0, 0.0, 0.0], "error_encoding_weight": [0.0, 0.0, 0.0, 0.0, 0.0, 0.0, 0.0, 0.0, 0.0, 0.0], "error_encoding_input": [0.0, 0.0, 0.0, 0.0, 0.0, 0.0, 0.0, 0.0, 0.0, 0.0], "error_phase_encoding": [0.5, 0.5, 0.5, 0.5, 0.5, 0.5, 0.5, 0.5, 0.5, 0.5], "output_HSGS": [0.2470703125, 0.2470703125, 1.0, 1.0, 0.2294921875, 0.24609375, 1.0, 1.0, 0.2333984375, 0.2275390625, 1.0, 1.0, 0.248046875, 0.25390625, 1.0, 1.0, 0.25390625, 0.2607421875, 1.0, 1.0, 0.22265625, 0.2314453125, 1.0, 1.0, 0.2314453125, 0.25, 1.0, 1.0, 0.26171875, 0.255859375, 1.0, 1.0, 0.2705078125, 0.27734375, 1.0, 1.0, 0.2666015625, 0.2646484375, 1.0, 1.0], "output_encoding_weight": [0.12109375, 0.0986328125, 0.9736328125, 0.9609375, 0.111328125, 0.1025390625, 0.96875, 0.9677734375, 0.115234375, 0.1181640625, 0.958984375, 0.9619140625, 0.1201171875, 0.0986328125, 0.958984375, 0.9599609375, 0.109375, 0.1142578125, 0.9677734375, 0.96875, 0.119140625, 0.1083984375, 0.96484375, 0.962890625, 0.1298828125, 0.119140625, 0.95703125, 0.96875, 0.115234375, 0.1181640625, 0.962890625, 0.9736328125, 0.10546875, 0.1103515625, 0.966796875, 0.962890625, 0.1044921875, 0.1162109375, 0.97265625, 0.9736328125], "output_encoding_input": [0.2646484375, 0.25, 1.0, 1.0, 0.2451171875, 0.248046875, 1.0, 1.0, 0.2392578125, 0.2392578125, 1.0, 1.0, 0.26953125, 0.2734375, 1.0, 1.0, 0.2578125, 0.2197265625, 1.0, 1.0, 0.2509765625, 0.251953125, 1.0, 1.0, 0.2490234375, 0.275390625, 1.0, 1.0, 0.2451171875, 0.2412109375, 1.0, 1.0, 0.263671875, 0.2568359375, 1.0, 1.0, 0.248046875, 0.2646484375, 1.0, 1.0], "output_phase_encoding": [1.0, 1.0, 1.0, 1.0, 1.0, 1.0, 1.0, 1.0, 1.0, 1.0, 1.0, 1.0, 1.0, 1.0, 1.0, 1.0, 1.0, 1.0, 1.0, 1.0, 1.0, 1.0, 1.0, 1.0, 1.0, 1.0, 1.0, 1.0, 1.0, 1.0, 1.0, 1.0, 1.0, 1.0, 1.0, 1.0, 1.0, 1.0, 1.0, 1.0], "weights_learned_HSGS": [[-0.575047695019, -0.089221327942, -0.575047695019, -0.575047695019], [-0.575104930232, 0.088107648175, -0.575104930232, -0.575104930232]], "weights_learned_encoding_weight": [[-0.439110236923, -0.649266200789, -0.439110236923, -0.439110236923], [-0.43869014796, 0.650117575711, -0.43869014796, -0.43869014796]], "weights_learned_encoding_input": [[-0.575312962798, -0.08393440599, -0.575312962798, -0.575312962798], [-0.575192552335, 0.086374667674, -0.575192552335, -0.575192552335]], "weights_learned_phase_encoding": [[-0.561142416384, -0.235281885418, -0.561142416384, -0.561142416384], [-0.5, -0.5, -0.5, -0.5]]}