{"error_HSGS": [0.5, 0.7, 0.25, 0.45, 0.45, 0.6, 0.5, 0.5, 0.45, 0.5], "error_encoding_weight": [0.0, 0.0, 0.0, 0.0, 0.0, 0.0, 0.0, 0.0, 0.0, 0.0], "error_encoding_input": [0.5, 0.5, 0.65, 0.55, 0.6, 0.45, 0.45, 0.7, 0.75, 0.45], "error_phase_encoding": [0.0, 0.0, 0.0, 0.0, 0.0, 0.0, 0.0, 0.0, 0.0, 0.0], "output_HSGS": [0.5263671875, 0.57421875, 0.56640625, 0.576171875, 0.572265625, 0.5703125, 0.5517578125, 0.5498046875, 0.5400390625, 0.5712890625, 0.5888671875, 0.5888671875, 0.560546875, 0.546875, 0.5625, 0.548828125, 0.5595703125, 0.5625, 0.5537109375, 0.5419921875, 0.568359375, 0.5498046875, 0.5615234375, 0.5673828125, 0.556640625, 0.5458984375, 0.580078125, 0.55078125, 0.568359375, 0.58984375, 0.54296875, 0.57421875, 0.568359375, 0.564453125, 0.5576171875, 0.5458984375, 0.564453125, 0.52734375, 0.5546875, 0.5673828125, 0.5576171875, 0.5986328125, 0.572265625, 0.5341796875, 0.5615234375, 0.5810546875, 0.55078125, 0.55078125, 0.5419921875, 0.55078125, 0.5966796875, 0.548828125, 0.568359375, 0.5595703125, 0.544921875, 0.5654296875, 0.564453125, 0.5673828125, 0.568359375, 0.55859375, 0.5390625, 0.552734375, 0.5673828125, 0.556640625, 0.55859375, 0.5498046875, 0.587890625, 0.5458984375, 0.578125, 0.5703125, 0.578125, 0.5556640625, 0.556640625, 0.58203125, 0.5390625, 0.568359375, 0.568359375, 0.5576171875, 0.568359375, 0.5791015625, 0.560546875, 0.556640625, 0.5498046875, 0.552734375, 0.5732421875, 0.58203125, 0.548828125, 0.568359375, 0.5517578125, 0.5546875, 0.5517578125, 0.556640625, 0.5625, 0.5380859375, 0.54296875, 0.5615234375, 0.564453125, 0.5625, 0.5439453125, 0.58203125, 0.54296875, 0.55859375, 0.55078125, 0.57421875, 0.5615234375, 0.55078125, 0.5576171875, 0.5751953125, 0.5654296875, 0.56640625, 0.5302734375, 0.5302734375, 0.55078125, 0.552734375, 0.556640625, 0.55859375, 0.55078125, 0.5498046875, 0.560546875, 0.5732421875, 0.576171875, 0.58203125, 0.5400390625, 0.5498046875, 0.560546875, 0.560546875, 0.5712890625, 0.5712890625, 0.5595703125, 0.5517578125, 0.5986328125, 0.5654296875, 0.5810546875, 0.546875, 0.5615234375, 0.55078125, 0.572265625, 0.5546875, 0.5810546875, 0.552734375, 0.57421875, 0.578125, 0.56640625, 0.5576171875, 0.5478515625, 0.5634765625, 0.5712890625, 0.576171875, 0.5625, 0.5498046875, 0.5556640625, 0.5537109375, 0.5654296875, 0.560546875, 0.541015625, 0.5439453125, 0.53515625, 0.5859375, 0.552734375, 0.546875, 0.5302734375, 0.583984375, 0.552734375, 0.57421875, 0.5576171875, 0.560546875, 0.568359375, 0.57421875, 0.5556640625, 0.5751953125, 0.580078125, 0.5576171875, 0.552734375, 0.5458984375, 0.57421875, 0.576171875, 0.552734375, 0.52734375, 0.5400390625, 0.5771484375, 0.5673828125, 0.5478515625, 0.5546875, 0.5615234375, 0.5625, 0.55078125, 0.5712890625, 0.541015625, 0.595703125, 0.5478515625, 0.5546875, 0.5302734375, 0.5673828125, 0.5625, 0.5556640625, 0.5751953125, 0.556640625, 0.57421875, 0.556640625, 0.57421875], "output_encoding_weight": [0.322265625, 0.32421875, 0.3212890625, 0.34375, 0.33984375, 0.31640625, 0.3173828125, 0.3544921875, 0.34375, 0.32421875, 0.7392578125, 0.744140625, 0.73046875, 0.7626953125, 0.7529296875, 0.7529296875, 0.755859375, 0.7373046875, 0.7578125, 0.7724609375, 0.365234375, 0.30859375, 0.3134765625, 0.345703125, 0.3427734375, 0.3408203125, 0.3349609375, 0.3271484375, 0.3212890625, 0.3427734375, 0.7587890625, 0.759765625, 0.7392578125, 0.748046875, 0.7548828125, 0.748046875, 0.7587890625, 0.748046875, 0.76171875, 0.744140625, 0.306640625, 0.345703125, 0.318359375, 0.3232421875, 0.337890625, 0.326171875, 0.326171875, 0.3408203125, 0.3427734375, 0.3330078125, 0.7646484375, 0.7470703125, 0.751953125, 0.740234375, 0.7353515625, 0.765625, 0.7353515625, 0.732421875, 0.7412109375, 0.74609375, 0.3388671875, 0.333984375, 0.3203125, 0.322265625, 0.3408203125, 0.3515625, 0.330078125, 0.330078125, 0.3544921875, 0.3388671875, 0.748046875, 0.759765625, 0.7626953125, 0.76171875, 0.740234375, 0.7412109375, 0.7470703125, 0.728515625, 0.7314453125, 0.7783203125, 0.337890625, 0.337890625, 0.337890625, 0.3359375, 0.33203125, 0.322265625, 0.333984375, 0.318359375, 0.34375, 0.326171875, 0.759765625, 0.7509765625, 0.728515625, 0.7646484375, 0.748046875, 0.7705078125, 0.7490234375, 0.75, 0.755859375, 0.7451171875, 0.328125, 0.3310546875, 0.3193359375, 0.357421875, 0.337890625, 0.3203125, 0.3330078125, 0.3427734375, 0.3193359375, 0.330078125, 0.755859375, 0.7685546875, 0.7314453125, 0.740234375, 0.77734375, 0.734375, 0.7529296875, 0.7470703125, 0.748046875, 0.76953125, 0.310546875, 0.3388671875, 0.3125, 0.33203125, 0.310546875, 0.3408203125, 0.3388671875, 0.314453125, 0.3310546875, 0.30078125, 0.7294921875, 0.73828125, 0.7236328125, 0.7587890625, 0.74609375, 0.7490234375, 0.7529296875, 0.771484375, 0.755859375, 0.7431640625, 0.33203125, 0.3310546875, 0.3466796875, 0.3115234375, 0.3427734375, 0.322265625, 0.3271484375, 0.3525390625, 0.337890625, 0.3388671875, 0.751953125, 0.7353515625, 0.771484375, 0.7529296875, 0.765625, 0.7412109375, 0.744140625, 0.7587890625, 0.7412109375, 0.7421875, 0.3369140625, 0.326171875, 0.353515625, 0.32421875, 0.3486328125, 0.330078125, 0.31640625, 0.30078125, 0.322265625, 0.3359375, 0.767578125, 0.7626953125, 0.7490234375, 0.75390625, 0.7353515625, 0.7333984375, 0.73046875, 0.7431640625, 0.7646484375, 0.7666015625, 0.341796875, 0.333984375, 0.3701171875, 0.3369140625, 0.3671875, 0.359375, 0.3271484375, 0.3466796875, 0.33984375, 0.337890625, 0.734375, 0.75390625, 0.7333984375, 0.7412109375, 0.7421875, 0.751953125, 0.7666015625, 0.755859375, 0.7529296875, 0.7509765625],