{"epoch_errosHSGS": [8.314453125, 0.0, 0.0, 0.0, 0.0, 0.0, 0.0, 0.0, 0.0, 0.0, 0.0, 0.0, 0.0, 0.0, 0.0, 0.0, 0.0, 0.0, 0.0, 0.0, 0.0, 0.0, 0.0, 0.0, 0.0, 0.0, 0.0, 0.0, 0.0, 0.0, 0.0, 0.0, 0.0, 0.0, 0.0, 0.0, 0.0, 0.0, 0.0, 0.0], "epoch_errosEncodingWeight": [436.482421875, 435.5654296875, 435.5283203125, 435.69140625, 436.060546875, 435.96875, 435.9482421875, 435.9033203125, 435.7138671875, 435.3583984375, 435.294921875, 435.642578125, 435.740234375, 435.416015625, 435.4755859375, 435.2294921875, 435.720703125, 435.5556640625, 435.93359375, 435.5537109375, 435.7568359375, 436.1416015625, 435.587890625, 435.4609375, 435.986328125, 435.75, 435.568359375, 435.4951171875, 435.46875, 435.6416015625, 435.2490234375, 435.48828125, 435.4912109375, 435.1669921875, 435.65625, 435.9326171875, 435.5693359375, 435.701171875, 435.4736328125, 435.900390625], "epoch_errosEncodingInput": [181.9365234375, 180.72265625, 182.001953125, 181.25, 180.9951171875, 181.392578125, 181.1279296875, 181.8623046875, 181.2939453125, 181.3388671875, 181.2568359375, 181.5048828125, 180.7255859375, 181.767578125, 180.861328125, 181.505859375, 181.21484375, 181.5361328125, 181.4111328125, 181.1748046875, 181.666015625, 181.1259765625, 181.130859375, 181.0546875, 181.8828125, 181.30078125, 181.416015625, 181.1640625, 181.5224609375, 181.3759765625, 181.11328125, 181.2939453125, 181.2158203125, 181.0537109375, 181.384765625, 181.4365234375, 181.306640625, 180.1171875, 181.9677734375, 181.63671875]}