{"error_HSGS": [0.75, 0.5, 0.5, 0.25, 0.75, 0.5, 0.5, 0.25, 0.25, 0.75, 0.75, 0.5, 0.5, 0.25, 0.75, 0.5, 0.75, 0.75, 0.75, 0.75], "error_phase_encoding": [0.5, 0.5, 0.5, 0.5, 0.5, 0.5, 0.5, 0.5, 0.5, 0.5, 0.5, 0.5, 0.5, 0.5, 0.5, 0.5, 0.5, 0.5, 0.5, 0.5], "output_HSGS": [0, 1, 0, 0, 0, 1, 0, 1, 0, 1, 1, 0, 0, 1, 1, 1, 0, 1, 0, 0, 0, 1, 1, 0, 0, 1, 1, 0, 0, 1, 1, 1, 0, 1, 1, 1, 0, 1, 0, 0, 0, 1, 0, 0, 0, 1, 1, 0, 0, 1, 0, 1, 0, 1, 1, 1, 0, 1, 0, 0, 0, 1, 0, 1, 0, 1, 0, 0, 0, 1, 0, 0, 0, 1, 0, 0, 0, 1, 0, 0], "output_phase_encoding": [1, 1, 1, 1, 1, 1, 1, 1, 1, 1, 1, 1, 1, 1, 1, 1, 1, 1, 1, 1, 1, 1, 1, 1, 1, 1, 1, 1, 1, 1, 1, 1, 1, 1, 1, 1, 1, 1, 1, 1, 1, 1, 1, 1, 1, 1, 1, 1, 1, 1, 1, 1, 1, 1, 1, 1, 1, 1, 1, 1, 1, 1, 1, 1, 1, 1, 1, 1, 1, 1, 1, 1, 1, 1, 1, 1, 1, 1, 1, 1], "weights_learned_HSGS": [[-0.49999981166, -0.499999699236, 0.500000244552, 0.500000244552], [-0.5, -0.5, -0.5, -0.5]], "weights_learned_phase_encoding": [[-0.654653670708, 0.436435780472, -0.436435780472, -0.436435780472], [-0.5, -0.5, -0.5, -0.5]]}