{"epoch_errosHSGS": [8.2080078125, 0.0, 0.0, 0.0, 0.0, 0.0, 0.0, 0.0, 0.0, 0.0, 0.0, 0.0, 0.0, 0.0, 0.0, 0.0, 0.0, 0.0, 0.0, 0.0], "epoch_errosEncodingWeight": [331.734375, 330.5244140625, 331.3505859375, 330.5224609375, 331.404296875, 330.9736328125, 331.6796875, 330.4775390625, 330.9609375, 331.087890625, 330.8984375, 331.02734375, 331.3076171875, 330.291015625, 330.876953125, 331.7001953125, 330.43359375, 330.9296875, 331.322265625, 331.615234375], "epoch_errosPhaseEncoding": [73.08203125, 74.41796875, 73.609375, 73.7763671875, 74.19921875, 74.2890625, 73.935546875, 73.919921875, 74.1494140625, 73.75390625, 73.84375, 74.2587890625, 73.7314453125, 73.8154296875, 73.677734375, 73.7412109375, 73.8642578125, 73.2880859375, 73.5234375, 73.791015625], "epoch_errosEncodingInput": [182.505859375, 181.1201171875, 181.453125, 181.1103515625, 180.865234375, 181.4404296875, 181.087890625, 181.20703125, 181.1435546875, 181.4619140625, 181.3291015625, 181.5224609375, 181.3837890625, 181.88671875, 181.0859375, 181.5, 181.2783203125, 181.9814453125, 181.05078125, 181.5078125]}