{"error_HSGS": [0.3646, 0.3646, 0.3646, 0.3646, 0.3646], "error_encoding_weight": [0.3646, 0.3646, 0.3594, 0.3646, 0.3646], "error_encoding_input": [0.4844, 0.4688, 0.5365, 0.4896, 0.4635], "error_classic": [0.276, 0.276, 0.276, 0.276, 0.276], "error_classic_bin": [0.3646, 0.3646, 0.3646, 0.3646, 0.3646], "weights_learned_HSGS": [[-0.227661081202, -0.03275438525, -0.292118326952, -0.207627766516, -0.17161882205, -0.247934410945, -0.197879503806, -0.215168059761, -0.386775168497, -0.104758016329, -0.386775168497, -0.104758016329, -0.386775168497, -0.104758016329, -0.386775168497, -0.104758016329], [-0.137326108764, -0.188259765687, -0.203865036607, -0.089920085515, -0.005002672735, -0.139463011476, -0.091946413847, -0.066701153928, -0.293866750668, -0.293866750668, -0.347736129512, -0.347736129512, -0.347736129512, -0.293866750668, -0.347736129512, -0.347736129512]], "weights_learned_encoding_weight": [[-0.029035378438, -0.166921074182, -0.182297555429, -0.036732772138, -0.005057828571, -0.135569588726, -0.043137068349, -0.075421655493, -0.337409002312, -0.337409002312, -0.337409002312, -0.337409002312, -0.337409002312, -0.337409002312, -0.337409002312, -0.337409002312], [-0.115474332618, -0.213078390632, -0.17471357913, -0.135466923012, -0.028494728091, -0.167093724767, -0.077958146092, -0.104782771163, -0.32530716099, -0.32530716099, -0.32530716099, -0.32530716099, -0.32530716099, -0.32530716099, -0.32530716099, -0.32530716099]], "weights_learned_encoding_input": [[-0.046792005036, -0.168261265463, -0.183507000612, -0.040755744395, -0.009018416141, -0.138489809797, -0.040931987843, -0.066619829657, -0.337043842893, -0.337043842893, -0.337043842893, -0.337043842893, -0.337043842893, -0.337043842893, -0.337043842893, -0.337043842893], [-0.108311995625, -0.21029095625, -0.169832132748, -0.098208488297, -0.02905400751, -0.166797458189, -0.066898557197, -0.087028046679, -0.328793920937, -0.328793920937, -0.328793920937, -0.328793920937, -0.328793920937, -0.328793920937, -0.328793920937, -0.328793920937]], "weights_learned_classic": [[-0.070540023846, -0.181709294951, -0.171318955193, -0.055541457187, -0.027987460436, -0.14283611594, -0.046984822061, -0.07582405533, -0.335490030489, -0.335490030489, -0.335490030489, -0.335490030489, -0.335490030489, -0.335490030489, -0.335490030489, -0.335490030489], [-0.090533054323, -0.224965037524, -0.172047590354, -0.082635461519, -0.037020432853, -0.175006408416, -0.070442299974, -0.090274594977, -0.327806369973, -0.327806369973, -0.327806369973, -0.327806369973, -0.327806369973, -0.327806369973, -0.327806369973, -0.327806369973]], "weights_learned_classic_bin": [[-0.042714413625, -0.165920240157, -0.180814507358, -0.039403657804, -0.008887721873, -0.137681559595, -0.04116192164, -0.063687901776, -0.337567356682, -0.337567356682, -0.337567356682, -0.337567356682, -0.337567356682, -0.337567356682, -0.337567356682, -0.337567356682], [-0.098758097282, -0.213316055787, -0.167061122041, -0.090033347963, -0.024209631657, -0.166444190121, -0.060692088415, -0.079527474804, -0.329854087588, -0.329854087588, -0.329854087588, -0.329854087588, -0.329854087588, -0.329854087588, -0.329854087588, -0.329854087588]]}