{"error_HSGS": [0.5, 0.5, 0.5, 0.5, 0.5, 0.5, 0.5, 0.5, 0.5, 0.5], "error_encoding_weight": [0.5, 0.5, 0.5, 0.5, 0.5, 0.5, 0.5, 0.5, 0.5, 0.5], "error_encoding_input": [0.5, 0.5, 0.5, 0.5, 0.5, 0.5, 0.5, 0.5, 0.5, 0.5], "error_phase_encoding": [0.5, 0.5, 0.5, 0.5, 0.5, 0.5, 0.5, 0.5, 0.5, 0.5], "output_HSGS": [0.2421875, 0.2197265625, 0.283203125, 0.2705078125, 0.2568359375, 0.24609375, 0.251953125, 0.240234375, 0.251953125, 0.25, 0.2060546875, 0.244140625, 0.2451171875, 0.2607421875, 0.2265625, 0.24609375, 0.240234375, 0.2529296875, 0.2529296875, 0.23046875, 0.0, 0.0, 0.0, 0.0, 0.0, 0.0, 0.0, 0.0, 0.0, 0.0, 1.0, 1.0, 1.0, 1.0, 1.0, 1.0, 1.0, 1.0, 1.0, 1.0, 0.234375, 0.244140625, 0.263671875, 0.263671875, 0.216796875, 0.2587890625, 0.259765625, 0.2666015625, 0.2626953125, 0.2421875, 0.240234375, 0.2431640625, 0.2333984375, 0.2666015625, 0.2353515625, 0.2490234375, 0.2685546875, 0.26171875, 0.232421875, 0.2255859375, 0.0, 0.0, 0.0, 0.0, 0.0, 0.0, 0.0, 0.0, 0.0, 0.0, 1.0, 1.0, 1.0, 1.0, 1.0, 1.0, 1.0, 1.0, 1.0, 1.0, 0.2509765625, 0.2685546875, 0.2353515625, 0.2666015625, 0.25, 0.2490234375, 0.263671875, 0.24609375, 0.2412109375, 0.24609375, 0.26171875, 0.2177734375, 0.251953125, 0.2490234375, 0.26953125, 0.2646484375, 0.2578125, 0.2578125, 0.251953125, 0.263671875, 0.0, 0.0, 0.0, 0.0, 0.0, 0.0, 0.0, 0.0, 0.0, 0.0, 1.0, 1.0, 1.0, 1.0, 1.0, 1.0, 1.0, 1.0, 1.0, 1.0, 0.271484375, 0.244140625, 0.2490234375, 0.2216796875, 0.2607421875, 0.2578125, 0.255859375, 0.236328125, 0.248046875, 0.234375, 0.2626953125, 0.2490234375, 0.2265625, 0.2314453125, 0.236328125, 0.2724609375, 0.251953125, 0.25390625, 0.23828125, 0.255859375, 0.0, 0.0, 0.0, 0.0, 0.0, 0.0, 0.0, 0.0, 0.0, 0.0, 1.0, 1.0, 1.0, 1.0, 1.0, 1.0, 1.0, 1.0, 1.0, 1.0, 0.2392578125, 0.267578125, 0.2509765625, 0.2548828125, 0.25, 0.24609375, 0.271484375, 0.24609375, 0.232421875, 0.2490234375, 0.236328125, 0.248046875, 0.25, 0.2568359375, 0.251953125, 0.2392578125, 0.24609375, 0.248046875, 0.271484375, 0.2568359375, 0.0, 0.0, 0.0, 0.0, 0.0, 0.0, 0.0, 0.0, 0.0, 0.0, 1.0, 1.0, 1.0, 1.0, 1.0, 1.0, 1.0, 1.0, 1.0, 1.0, 0.234375, 0.251953125, 0.2255859375, 0.2509765625, 0.2548828125, 0.25, 0.248046875, 0.2587890625, 0.248046875, 0.2421875, 0.251953125, 0.2646484375, 0.2373046875, 0.2509765625, 0.240234375, 0.23046875, 0.232421875, 0.2431640625, 0.24609375, 0.2431640625, 0.0, 0.0, 0.0, 0.0, 0.0, 0.0, 0.0, 0.0, 0.0, 0.0, 1.0, 1.0, 1.0, 1.0, 1.0, 1.0, 1.0, 1.0, 1.0, 1.0, 0.2568359375, 0.2490234375, 0.232421875, 0.234375, 0.228515625, 0.2490234375, 0.2666015625, 0.2607421875, 0.25, 0.2578125, 0.259765625, 0.2353515625, 0.2392578125, 0.236328125, 0.2529296875, 0.236328125, 0.2421875, 0.2470703125, 0.263671875, 0.2373046875, 0.0, 0.0, 0.0, 0.0, 0.0, 0.0, 0.0, 0.0, 0.0, 0.0, 1.0, 1.0, 1.0, 1.0, 1.0, 1.0, 1.0, 1.0, 1.0, 1.0, 0.2255859375, 0.2568359375, 0.2451171875, 0.2646484375, 0.25390625, 0.2490234375, 0.2412109375, 0.2578125, 0.255859375, 0.2490234375, 0.2451171875, 0.26953125, 0.2275390625, 0.2431640625, 0.2763671875, 0.2216796875, 0.2451171875, 0.2353515625, 0.244140625, 0.2451171875, 0.0, 0.0, 0.0, 0.0, 0.0, 0.0, 0.0, 0.0, 0.0, 0.0, 1.0, 1.0, 1.0, 1.0, 1.0, 1.0, 1.0, 1.0, 1.0, 1.0, 0.26171875, 0.2470703125, 0.25390625, 0.26171875, 0.255859375, 0.23046875, 0.2197265625, 0.234375, 0.2412109375, 0.2490234375, 0.2431640625, 0.2451171875, 0.263671875, 0.2587890625, 0.2412109375, 0.2392578125, 0.267578125, 0.2236328125, 0.2373046875, 0.2529296875, 0.0, 0.0, 0.0, 0.0, 0.0, 0.0, 0.0, 0.0, 0.0, 0.0, 1.0, 1.0, 1.0, 1.0, 1.0, 1.0, 1.0, 1.0, 1.0, 1.0, 0.2529296875, 0.2421875, 0.2353515625, 0.25390625, 0.240234375, 0.24609375, 0.2548828125, 0.23828125, 0.2587890625, 0.248046875, 0.251953125, 0.240234375, 0.2568359375, 0.2568359375, 0.2412109375, 0.228515625, 0.2646484375, 0.271484375, 0.244140625, 0.23828125, 0.0, 0.0, 0.0, 0.0, 0.0, 0.0, 0.0, 0.0, 0.0, 0.0, 1.0, 1.0, 1.0, 1.0, 1.0, 1.0, 1.0, 1.0, 1.0, 1.0], "output_encoding_weight": [0.4208984375, 0.4140625, 0.423828125, 0.4306640625, 0.408203125, 0.4072265625, 0.419921875, 0.40625, 0.4111328125, 0.431640625, 0.4130859375, 0.4130859375, 0.4345703125, 0.4287109375, 0.4228515625, 0.4326171875, 0.3974609375, 0.4443359375, 0.4365234375, 0.4091796875, 0.1396484375, 0.1162109375, 0.1328125, 0.14453125, 0.1357421875, 0.123046875, 0.1318359375, 0.1455078125, 0.134765625, 0.1142578125, 0.888671875, 0.87890625, 0.88671875, 0.8984375, 0.87890625, 0.87109375, 0.8603515625, 0.880859375, 0.8583984375, 0.8681640625, 0.3994140625, 0.42578125, 0.4287109375, 0.412109375, 0.380859375, 0.4267578125, 0.412109375, 0.41015625, 0.4130859375, 0.4189453125, 0.427734375, 0.3984375, 0.4072265625, 0.3974609375, 0.404296875, 0.4287109375, 0.4052734375, 0.396484375, 0.400390625, 0.4384765625, 0.12109375, 0.13671875, 0.1220703125, 0.1357421875, 0.1259765625, 0.1240234375, 0.1298828125, 0.10546875, 0.1240234375, 0.1396484375, 0.876953125, 0.873046875, 0.869140625, 0.8662109375, 0.8671875, 0.8583984375, 0.8603515625, 0.8544921875, 0.87109375, 0.857421875, 0.4326171875, 0.423828125, 0.39453125, 0.41796875, 0.419921875, 0.4423828125, 0.4375, 0.4287109375, 0.40234375, 0.4208984375, 0.3974609375, 0.4267578125, 0.427734375, 0.40625, 0.412109375, 0.419921875, 0.427734375, 0.42578125, 0.427734375, 0.3896484375, 0.1171875, 0.119140625, 0.138671875, 0.1259765625, 0.11328125, 0.1171875, 0.1220703125, 0.109375, 0.123046875, 0.115234375, 0.859375, 0.8642578125, 0.890625, 0.8955078125, 0.8828125, 0.8837890625, 0.87109375, 0.8681640625, 0.8857421875, 0.8740234375, 0.3994140625, 0.4208984375, 0.4013671875, 0.4296875, 0.3994140625, 0.4306640625, 0.4296875, 0.4228515625, 0.41796875, 0.39453125, 0.4130859375, 0.4140625, 0.421875, 0.4169921875, 0.3955078125, 0.4169921875, 0.390625, 0.419921875, 0.4150390625, 0.4111328125, 0.12109375, 0.1396484375, 0.1201171875, 0.1376953125, 0.115234375, 0.1298828125, 0.111328125, 0.123046875, 0.1279296875, 0.146484375, 0.8671875, 0.8837890625, 0.8720703125, 0.8759765625, 0.869140625, 0.876953125, 0.8818359375, 0.884765625, 0.8701171875, 0.8779296875, 0.4306640625, 0.3974609375, 0.400390625, 0.4130859375, 0.3935546875, 0.404296875, 0.427734375, 0.4033203125, 0.4169921875, 0.3974609375, 0.4150390625, 0.41015625, 0.41015625, 0.40234375, 0.431640625, 0.42578125, 0.412109375, 0.4140625, 0.41796875, 0.4501953125, 0.1337890625, 0.138671875, 0.119140625, 0.12109375, 0.1298828125, 0.130859375, 0.12109375, 0.1533203125, 0.1298828125, 0.123046875, 0.875, 0.87890625, 0.869140625, 0.875, 0.8818359375, 0.8876953125, 0.873046875, 0.8681640625, 0.8544921875, 0.869140625, 0.431640625, 0.4072265625, 0.4111328125, 0.4052734375, 0.4306640625, 0.443359375, 0.400390625, 0.38671875, 0.4248046875, 0.4091796875, 0.427734375, 0.4140625, 0.390625, 0.419921875, 0.4130859375, 0.4150390625, 0.3857421875, 0.4189453125, 0.3935546875, 0.390625, 0.138671875, 0.115234375, 0.1328125, 0.126953125, 0.1220703125, 0.130859375, 0.1318359375, 0.12109375, 0.1337890625, 0.130859375, 0.890625, 0.8935546875, 0.8720703125, 0.8798828125, 0.8583984375, 0.8681640625, 0.8828125, 0.8818359375, 0.8701171875, 0.869140625, 0.412109375, 0.4169921875, 0.4140625, 0.3984375, 0.4375, 0.4140625, 0.41015625, 0.435546875, 0.4365234375, 0.44921875, 0.384765625, 0.39453125, 0.3955078125, 0.4150390625, 0.4033203125, 0.4345703125, 0.4130859375, 0.3974609375, 0.396484375, 0.4033203125, 0.1123046875, 0.1376953125, 0.123046875, 0.1240234375, 0.1298828125, 0.1435546875, 0.1181640625, 0.1337890625, 0.1396484375, 0.1357421875, 0.875, 0.8876953125, 0.8857421875, 0.85546875, 0.875, 0.85546875, 0.8662109375, 0.8740234375, 0.89453125, 0.87109375, 0.421875, 0.421875, 0.4130859375, 0.4169921875, 0.4189453125, 0.4423828125, 0.4033203125, 0.44921875, 0.4189453125, 0.4111328125, 0.4169921875, 0.4208984375, 0.4130859375, 0.4140625, 0.42578125, 0.4208984375, 0.4189453125, 0.43359375, 0.4130859375, 0.384765625, 0.138671875, 0.109375, 0.125, 0.134765625, 0.1201171875, 0.12890625, 0.126953125, 0.115234375, 0.12890625, 0.123046875, 0.8759765625, 0.8681640625, 0.8759765625, 