{"epoch_errosHSGS": [10.2138671875, 0.0, 0.0, 0.0, 0.0, 0.0, 0.0, 0.0, 0.0, 0.0, 0.0, 0.0, 0.0, 0.0, 0.0, 0.0, 0.0, 0.0, 0.0, 0.0], "epoch_errosEncodingWeight": [505.9609375, 507.451171875, 507.83203125, 507.7109375, 507.703125, 508.015625, 507.669921875, 507.859375, 507.5224609375, 507.4765625, 507.7880859375, 507.41015625, 507.9853515625, 508.0625, 508.2041015625, 507.74609375, 507.79296875, 507.7734375, 507.990234375, 508.0341796875], "epoch_errosPhaseEncoding": [174.4990234375, 184.7626953125, 184.5205078125, 184.138671875, 184.94140625, 184.578125, 184.8916015625, 184.7978515625, 184.4091796875, 184.310546875, 184.3369140625, 184.7373046875, 184.4189453125, 184.3896484375, 185.0, 184.6943359375, 184.70703125, 183.744140625, 184.0146484375, 184.44140625], "epoch_errosEncodingInput": [318.4345703125, 318.19921875, 318.6201171875, 318.25390625, 318.10546875, 318.55859375, 317.9189453125, 318.3466796875, 318.7802734375, 317.751953125, 318.552734375, 318.5087890625, 318.3681640625, 318.1103515625, 317.9658203125, 318.0791015625, 317.560546875, 318.28125, 318.052734375, 318.4169921875]}