{"epoch_errosHSGS": [10.177734375], "epoch_errosEncodingWeight": [506.1689453125], "epoch_errosPhaseEncoding": [174.9638671875], "epoch_errosEncodingInput": [318.18359375]}