{"error_HSGS": [0.3646, 0.3646], "error_encoding_weight": [0.3594, 0.3594], "error_encoding_input": [0.4531, 0.3958], "error_classic": [0.2812, 0.2812], "error_classic_bin": [0.3646, 0.3646], "weights_learned_HSGS": [[-0.227947265146, -0.03192889196, -0.292299849094, -0.207857855778, -0.171837546486, -0.248177233117, -0.198067473508, -0.215471264896, -0.386784329283, -0.103910248759, -0.386784329283, -0.103910248759, -0.386784329283, -0.103910248759, -0.386784329283, -0.103910248759], [-0.140250737471, -0.185968087335, -0.205036984342, -0.092889087194, -0.002805356342, -0.136690289777, -0.094084877854, -0.064068138956, -0.290765405893, -0.290765405893, -0.349226200007, -0.349226200007, -0.349226200007, -0.290765405893, -0.349226200007, -0.349226200007]], "weights_learned_encoding_weight": [[-0.02917519497, -0.167772493961, -0.182721574242, -0.038071446945, -0.005154619636, -0.136245580198, -0.042960043792, -0.074293937862, -0.337307353668, -0.337307353668, -0.337307353668, -0.337307353668, -0.337307353668, -0.337307353668, -0.337307353668, -0.337307353668], [-0.11581231828, -0.214951089093, -0.174582842655, -0.134522027485, -0.028863769902, -0.166832651567, -0.07786750034, -0.104183661044, -0.325235368181, -0.325235368181, -0.325235368181, -0.325235368181, -0.325235368181, -0.325235368181, -0.325235368181, -0.325235368181]], "weights_learned_encoding_input": [[-0.0462285344, -0.167943716537, -0.183257813976, -0.039877303979, -0.008776168731, -0.138148725314, -0.04088819698, -0.06687992068, -0.337115956505, -0.337115956505, -0.337115956505, -0.337115956505, -0.337115956505, -0.337115956505, -0.337115956505, -0.337115956505], [-0.107818882, -0.215543042335, -0.169481766497, -0.100019781375, -0.028868774916, -0.166262384171, -0.067063845327, -0.088777153744, -0.328316297724, -0.328316297724, -0.328316297724, -0.328316297724, -0.328316297724, -0.328316297724, -0.328316297724, -0.328316297724]], "weights_learned_classic": [[-0.070541483909, -0.181706615897, -0.17132054881, -0.055541117695, -0.027989448785, -0.142836538881, -0.046986784703, -0.075823253027, -0.335498466914, -0.33548158059, -0.335498466914, -0.33548158059, -0.335498466914, -0.33548158059, -0.335498466914, -0.33548158059], [-0.090563760357, -0.224952175697, -0.172093484194, -0.08267262343, -0.036954043606, -0.174885555633, -0.07046300975, -0.090203032737, -0.327645067096, -0.327645067096, -0.327913934516, -0.327913934516, -0.327913934516, -0.327645067096, -0.327913934516, -0.327913934516]], "weights_learned_classic_bin": [[-0.042714413625, -0.165920240157, -0.180814507358, -0.039403657804, -0.008887721873, -0.137681559595, -0.04116192164, -0.063687901776, -0.337567356682, -0.337567356682, -0.337567356682, -0.337567356682, -0.337567356682, -0.337567356682, -0.337567356682, -0.337567356682], [-0.098758097282, -0.213316055787, -0.167061122041, -0.090033347963, -0.024209631657, -0.166444190121, -0.060692088415, -0.079527474804, -0.329854087588, -0.329854087588, -0.329854087588, -0.329854087588, -0.329854087588, -0.329854087588, -0.329854087588, -0.329854087588]]}