{"epoch_errosHSGS": [0.0, 0.0, 0.0, 0.0, 0.0, 0.0, 0.0, 0.0, 0.0, 0.0, 0.0, 0.0, 0.0, 0.0, 0.0, 0.0, 0.0, 0.0, 0.0, 0.0, 0.0, 0.0, 0.0, 0.0, 0.0, 0.0, 0.0, 0.0, 0.0, 0.0, 0.0, 0.0, 0.0, 0.0, 0.0, 0.0, 0.0, 0.0, 0.0, 0.0, 0.0, 0.0, 0.0, 0.0, 0.0, 0.0, 0.0, 0.0, 0.0, 0.0, 0.0, 0.0, 0.0, 0.0, 0.0, 0.0, 0.0, 0.0, 0.0, 0.0, 0.0, 0.0, 0.0, 0.0, 0.0, 0.0, 0.0, 0.0, 0.0, 0.0, 0.0, 0.0, 0.0, 0.0, 0.0, 0.0, 0.0, 0.0, 0.0, 0.0, 0.0, 0.0, 0.0, 0.0, 0.0, 0.0, 0.0, 0.0, 0.0, 0.0, 0.0, 0.0, 0.0, 0.0, 0.0, 0.0, 0.0, 0.0, 0.0, 0.0, 0.0, 0.0, 0.0, 0.0, 0.0, 0.0, 0.0, 0.0, 0.0, 0.0, 0.0, 0.0, 0.0, 0.0, 0.0, 0.0, 0.0, 0.0, 0.0, 0.0, 0.0, 0.0, 0.0, 0.0, 0.0, 0.0, 0.0, 0.0, 0.0, 0.0, 0.0, 0.0, 0.0, 0.0], "epoch_errosEncodingWeight": [0.53125, 0.921875, 0.8095703125, 0.9658203125, 0.369140625, 0.947265625, 0.9990234375, 0.9970703125, 1.0, 0.88671875, 0.9619140625, 0.931640625, 0.998046875, 0.94921875, 0.69140625, 0.7353515625, 0.9697265625, 0.4306640625, 0.9990234375, 0.9990234375, 0.9453125, 0.986328125, 0.39453125, 0.9560546875, 1.0, 0.9931640625, 0.99609375, 0.9375, 0.9794921875, 0.984375, 0.5224609375, 0.6396484375, 0.955078125, 0.8583984375, 0.599609375, 0.9990234375, 0.9921875, 0.9482421875, 0.9873046875, 0.9970703125, 0.8916015625, 0.955078125, 0.9130859375, 0.9580078125, 0.9921875, 0.72265625, 0.7685546875, 0.8779296875, 0.4853515625, 1.0, 0.701171875, 0.9990234375, 0.783203125, 0.9951171875, 0.7626953125, 0.990234375, 0.962890625, 0.9580078125, 0.7060546875, 0.953125, 0.994140625, 0.99609375, 0.947265625, 0.9990234375, 0.912109375, 0.8154296875, 0.9140625, 0.486328125, 0.9287109375, 0.9423828125, 0.982421875, 0.8896484375, 0.9970703125, 1.0, 0.8974609375, 0.9970703125, 0.890625, 0.763671875, 0.9912109375, 0.7216796875, 0.6767578125, 0.705078125, 0.9189453125, 0.9169921875, 1.0, 0.78515625, 0.9541015625, 0.9404296875, 0.9658203125, 0.3759765625, 0.7587890625, 0.7021484375, 0.90625, 0.947265625, 0.763671875, 0.9912109375, 0.966796875, 0.904296875, 0.7763671875, 1.0, 0.8662109375, 0.9599609375, 0.6533203125, 0.9296875, 1.0, 0.810546875, 0.861328125, 0.9970703125, 0.6826171875, 0.990234375, 0.9912109375, 0.9482421875, 0.892578125, 0.984375, 0.9208984375, 0.892578125, 0.7587890625, 0.9931640625, 0.9833984375, 0.9873046875, 0.94921875, 0.904296875, 0.8017578125, 1.0, 0.9619140625, 0.9658203125, 0.9453125, 0.7626953125, 0.98828125, 0.798828125, 0.802734375, 0.6923828125, 0.9990234375, 0.7861328125], "epoch_errosPhaseEncoding": [0.1171875, 0.3056640625, 0.021484375, 0.3017578125, 0.41796875, 0.146484375, 0.0546875, 0.0947265625, 0.306640625, 0.3310546875, 0.41015625, 0.2841796875, 0.4091796875, 0.3505859375, 0.0859375, 0.1064453125, 0.001953125, 0.0576171875, 0.3310546875, 0.0, 0.0556640625, 0.0, 0.3681640625, 0.103515625, 0.4150390625, 0.4130859375, 0.4404296875, 0.0341796875, 0.41796875, 0.0029296875, 0.25, 0.0732421875, 0.0966796875, 0.013671875, 0.146484375, 0.34375, 0.0810546875, 0.328125, 0.412109375, 0.0, 0.4306640625, 0.1513671875, 0.0576171875, 0.4208984375, 0.4248046875, 0.2431640625, 0.0, 0.2421875, 0.392578125, 0.365234375, 0.2333984375, 0.1533203125, 0.005859375, 0.28125, 0.0234375, 0.2431640625, 0.2861328125, 0.1064453125, 0.267578125, 0.0009765625, 0.4013671875, 0.2529296875, 0.09375, 0.244140625, 0.4404296875, 0.3046875, 0.1181640625, 0.3876953125, 0.001953125, 0.009765625, 0.037109375, 0.3525390625, 0.1904296875, 0.2705078125, 0.419921875, 0.4345703125, 0.2314453125, 0.052734375, 0.3369140625, 0.0771484375, 0.099609375, 0.3759765625, 0.3505859375, 0.404296875, 0.013671875, 0.4326171875, 0.4296875, 0.2412109375, 0.0029296875, 0.4248046875, 0.3671875, 0.0, 0.392578125, 0.3369140625, 0.2919921875, 0.4443359375, 0.3994140625, 0.419921875, 0.4619140625, 0.4287109375, 0.28515625, 0.4501953125, 0.4091796875, 0.3916015625, 0.189453125, 0.318359375, 0.091796875, 0.4150390625, 0.2490234375, 0.1884765625, 0.4140625, 0.3837890625, 0.1181640625, 0.2900390625, 0.1376953125, 0.4404296875, 0.2998046875, 0.169921875, 0.2919921875, 0.4326171875, 0.3642578125, 0.1279296875, 0.2041015625, 0.021484375, 0.2451171875, 0.3076171875, 0.421875, 0.244140625, 0.23828125, 0.0703125, 0.20703125, 0.1123046875, 0.3125, 0.0625], "epoch_errosEncodingInput": [0.486328125, 0.3955078125, 0.5498046875, 0.7275390625, 0.9306640625, 0.4482421875, 0.62109375, 0.4482421875, 0.455078125, 0.828125, 0.583984375, 0.5498046875, 0.23046875, 0.2607421875, 0.140625, 0.486328125, 0.71484375, 0.5517578125, 0.5234375, 0.5341796875, 0.38671875, 0.6123046875, 0.505859375, 0.7080078125, 0.517578125, 0.466796875, 0.755859375, 0.611328125, 0.6416015625, 0.7236328125, 0.541015625, 0.591796875, 0.357421875, 0.3896484375, 0.466796875, 0.673828125, 0.7783203125, 0.7900390625, 0.5244140625, 0.388671875, 0.546875, 0.49609375, 0.7607421875, 0.57421875, 0.234375, 0.427734375, 0.69921875, 0.8515625, 0.486328125, 0.740234375, 0.5712890625, 0.4697265625, 0.58984375, 0.3994140625, 0.5517578125, 0.6064453125, 0.42578125, 0.734375, 0.5654296875, 0.7333984375, 0.482421875, 0.4638671875, 0.8427734375, 0.330078125, 0.673828125, 0.501953125, 0.818359375, 0.53125, 0.7724609375, 0.837890625, 0.33203125, 0.5029296875, 0.638671875, 0.7294921875, 0.599609375, 0.4423828125, 0.3828125, 0.5771484375, 0.6337890625, 0.33203125, 0.826171875, 0.5234375, 0.673828125, 0.4052734375, 0.8505859375, 0.4677734375, 0.72265625, 0.4365234375, 0.3447265625, 0.3857421875, 0.6591796875, 0.6630859375, 0.47265625, 0.4375, 0.60546875, 0.45703125, 0.701171875, 0.6865234375, 0.6025390625, 0.306640625, 0.435546875, 0.5068359375, 0.6357421875, 0.423828125, 0.7158203125, 0.6591796875, 0.87890625, 0.6484375, 0.712890625, 0.6650390625, 0.7939453125, 0.3076171875, 0.3798828125, 0.3984375, 0.78125, 0.509765625, 0.458984375, 0.3681640625, 0.3896484375, 0.43359375, 0.6357421875, 0.763671875, 0.6142578125, 0.5546875, 0.3310546875, 0.546875, 0.59375, 0.7099609375, 0.71875, 0.41796875, 0.509765625, 0.7421875, 0.3955078125, 0.4921875]}