{"epoch_errosHSGS": [0.0, 0.0, 0.0, 0.0, 0.0, 0.0, 0.0, 0.0, 0.0, 0.0, 0.0, 0.0, 0.0, 0.0, 0.0, 0.0, 0.0, 0.0, 0.0, 0.0, 0.0, 0.0, 0.0, 0.0, 0.0, 0.0, 0.0, 0.0, 0.0, 0.0, 0.0, 0.0, 0.0, 0.0, 0.0, 0.0, 0.0, 0.0, 0.0, 0.0], "epoch_errosEncodingWeight": [99.16796875, 97.7431640625, 97.720703125, 97.6982421875, 97.98046875, 97.5751953125, 97.9169921875, 97.7861328125, 97.82421875, 97.716796875, 97.7451171875, 97.998046875, 97.734375, 97.671875, 97.7587890625, 97.70703125, 97.78125, 97.642578125, 97.94921875, 97.9208984375, 97.7744140625, 98.0888671875, 97.9189453125, 97.779296875, 97.8037109375, 97.90625, 97.794921875, 97.6552734375, 97.873046875, 97.955078125, 97.775390625, 97.8134765625, 97.787109375, 98.1015625, 97.908203125, 98.0732421875, 97.765625, 97.7666015625, 97.5830078125, 97.90625], "epoch_errosPhaseEncoding": [65.728515625, 66.001953125, 65.669921875, 65.751953125, 65.8818359375, 66.09765625, 66.0244140625, 65.7294921875, 65.8740234375, 66.375, 66.4638671875, 66.0703125, 65.876953125, 65.982421875, 65.9658203125, 66.056640625, 66.40234375, 66.1689453125, 65.9345703125, 66.119140625, 66.015625, 66.056640625, 66.1298828125, 66.0029296875, 66.0146484375, 66.046875, 66.0517578125, 65.6416015625, 65.9775390625, 66.109375, 66.0068359375, 65.9462890625, 66.1201171875, 65.87109375, 66.0986328125, 66.0400390625, 65.9375, 66.025390625, 66.0517578125, 65.6826171875], "epoch_errosEncodingInput": [100.9287109375, 101.4052734375, 101.47265625, 101.3759765625, 101.5859375, 101.333984375, 101.45703125, 101.37890625, 101.4951171875, 101.45703125, 101.318359375, 101.6083984375, 101.3408203125, 101.177734375, 101.322265625, 101.478515625, 101.48828125, 101.4619140625, 101.4521484375, 101.6875, 101.51171875, 101.6630859375, 101.4208984375, 101.4384765625, 101.5908203125, 101.587890625, 101.3662109375, 101.4248046875, 101.5703125, 101.6015625, 101.462890625, 101.560546875, 101.611328125, 101.5478515625, 101.57421875, 101.412109375, 101.603515625, 101.267578125, 101.80078125, 101.458984375]}