{"epoch_errosHSGS": [5.4521484375, 0.0, 0.0, 0.0, 0.0, 0.0, 0.0, 0.0, 0.0, 0.0, 0.0, 0.0, 0.0, 0.0, 0.0, 0.0, 0.0, 0.0, 0.0, 0.0, 0.0, 0.0, 0.0, 0.0, 0.0, 0.0, 0.0, 0.0, 0.0, 0.0, 0.0, 0.0, 0.0, 0.0, 0.0, 0.0, 0.0, 0.0, 0.0, 0.0], "epoch_errosEncodingWeight": [79.9609375, 78.61328125, 78.4384765625, 78.4306640625, 78.560546875, 78.4619140625, 78.5400390625, 78.80859375, 78.607421875, 78.8828125, 78.8037109375, 78.5068359375, 78.48046875, 78.521484375, 78.658203125, 78.482421875, 78.244140625, 78.6806640625, 78.5966796875, 78.328125, 78.7666015625, 78.7900390625, 78.283203125, 78.5693359375, 78.71484375, 78.6748046875, 78.4052734375, 78.7138671875, 78.57421875, 78.4580078125, 78.328125, 78.6220703125, 78.580078125, 78.466796875, 78.6943359375, 78.5869140625, 78.6953125, 78.521484375, 78.7275390625, 78.3564453125], "epoch_errosPhaseEncoding": [35.337890625, 37.4140625, 37.6376953125, 37.380859375, 37.4892578125, 37.42578125, 37.3984375, 37.2509765625, 37.6416015625, 37.619140625, 37.5234375, 37.5751953125, 37.4609375, 37.2998046875, 37.447265625, 37.6533203125, 37.6533203125, 37.759765625, 37.4775390625, 37.5908203125, 37.412109375, 37.548828125, 37.2490234375, 37.8017578125, 37.4091796875, 37.7529296875, 37.5673828125, 37.6767578125, 37.4599609375, 37.3662109375, 37.6162109375, 37.642578125, 37.5439453125, 37.5498046875, 37.53515625, 37.4599609375, 37.365234375, 37.4365234375, 37.4501953125, 37.345703125], "epoch_errosEncodingInput": [55.392578125, 54.8232421875, 55.2578125, 54.7080078125, 55.2177734375, 54.9619140625, 54.9716796875, 55.0087890625, 55.28125, 54.62890625, 54.615234375, 54.8271484375, 54.833984375, 54.7119140625, 54.94921875, 54.892578125, 54.728515625, 54.7802734375, 55.0947265625, 54.884765625, 55.0830078125, 54.861328125, 54.919921875, 54.9404296875, 54.927734375, 55.1083984375, 54.9091796875, 54.9814453125, 54.19140625, 54.8564453125, 55.0498046875, 54.845703125, 54.88671875, 54.857421875, 55.1298828125, 54.9541015625, 55.0908203125, 54.6650390625, 54.81640625, 54.9326171875]}