{"error_HSGS": [0.4848, 0.4848, 0.4848, 0.4848, 0.4848, 0.4848, 0.4848, 0.4848, 0.4848, 0.4848], "error_encoding_weight": [0.4848, 0.4242, 0.4545, 0.4545, 0.4242, 0.4848, 0.3939, 0.3939, 0.4545, 0.4242], "error_encoding_input": [0.6061, 0.3939, 0.697, 0.4848, 0.3939, 0.4848, 0.5152, 0.3939, 0.6061, 0.5152], "error_phase_encoding": [0.5455, 0.5152, 0.5758, 0.5455, 0.5758, 0.5455, 0.5455, 0.5758, 0.5455, 0.5758], "output_HSGS": [1.0, 1.0, 1.0, 1.0, 1.0, 1.0, 1.0, 1.0, 1.0, 1.0, 1.0, 1.0, 1.0, 1.0, 1.0, 1.0, 1.0, 1.0, 1.0, 1.0, 1.0, 1.0, 1.0, 1.0, 1.0, 1.0, 1.0, 1.0, 1.0, 1.0, 1.0, 1.0, 1.0, 1.0, 1.0, 1.0, 1.0, 1.0, 1.0, 1.0, 1.0, 1.0, 1.0, 1.0, 1.0, 1.0, 1.0, 1.0, 1.0, 1.0, 1.0, 1.0, 1.0, 1.0, 1.0, 1.0, 1.0, 1.0, 1.0, 1.0, 1.0, 1.0, 1.0, 1.0, 1.0, 1.0, 1.0, 1.0, 1.0, 1.0, 1.0, 1.0, 1.0, 1.0, 1.0, 1.0, 1.0, 1.0, 1.0, 1.0, 1.0, 1.0, 1.0, 1.0, 1.0, 1.0, 1.0, 1.0, 1.0, 1.0, 1.0, 1.0, 1.0, 1.0, 1.0, 1.0, 1.0, 1.0, 1.0, 1.0, 1.0, 1.0, 1.0, 1.0, 1.0, 1.0, 1.0, 1.0, 1.0, 1.0, 1.0, 1.0, 1.0, 1.0, 1.0, 1.0, 1.0, 1.0, 1.0, 1.0, 1.0, 1.0, 1.0, 1.0, 1.0, 1.0, 1.0, 1.0, 1.0, 1.0, 1.0, 1.0, 1.0, 1.0, 1.0, 1.0, 1.0, 1.0, 1.0, 1.0, 1.0, 1.0, 1.0, 1.0, 1.0, 1.0, 1.0, 1.0, 1.0, 1.0, 1.0, 1.0, 1.0, 1.0, 1.0, 1.0, 1.0, 1.0, 1.0, 1.0, 1.0, 1.0, 1.0, 1.0, 1.0, 1.0, 1.0, 1.0, 1.0, 1.0, 1.0, 1.0, 1.0, 1.0, 1.0, 1.0, 1.0, 1.0, 1.0, 1.0, 1.0, 1.0, 1.0, 1.0, 1.0, 1.0, 1.0, 1.0, 1.0, 1.0, 1.0, 1.0, 1.0, 1.0, 1.0, 1.0, 1.0, 1.0, 1.0, 1.0, 1.0, 1.0, 1.0, 1.0, 1.0, 1.0, 1.0, 1.0, 1.0, 1.0, 1.0, 1.0, 1.0, 1.0, 1.0, 1.0, 1.0, 1.0, 1.0, 1.0, 1.0, 1.0, 1.0, 1.0, 1.0, 1.0, 1.0, 1.0, 1.0, 1.0, 1.0, 1.0, 1.0, 1.0, 1.0, 1.0, 1.0, 1.0, 1.0, 1.0, 1.0, 1.0, 1.0, 1.0, 1.0, 1.0, 1.0, 1.0, 1.0, 1.0, 1.0, 1.0, 1.0, 1.0, 1.0, 1.0, 1.0, 1.0, 1.0, 1.0, 1.0, 1.0, 1.0, 1.0, 1.0, 1.0, 1.0, 1.0, 1.0, 1.0, 1.0, 1.0, 1.0, 1.0, 1.0, 1.0, 1.0, 1.0, 1.0, 1.0, 1.0, 1.0, 1.0, 1.0, 1.0, 1.0, 1.0, 1.0, 1.0, 1.0, 1.0, 1.0, 1.0, 1.0, 1.0, 1.0, 1.0, 1.0, 1.0, 1.0, 1.0, 1.0, 1.0, 1.0, 1.0, 1.0, 1.0, 1.0, 1.0, 1.0, 1.0, 1.0, 1.0, 1.0, 1.0, 1.0, 1.0, 1.0, 1.0, 1.0, 1.0, 1.0, 1.0, 1.0, 1.0, 1.0, 1.0, 1.0, 1.0, 1.0], "output_encoding_weight": [0.1279296875, 0.0, 0.0, 0.0, 0.001953125, 0.0, 0.1904296875, 0.96484375, 0.1982421875, 0.97265625, 0.3427734375, 0.9755859375, 0.041015625, 0.0009765625, 0.0, 0.146484375, 0.96484375, 0.0341796875, 0.1806640625, 0.3583984375, 0.197265625, 0.1396484375, 0.134765625, 0.037109375, 0.978515625, 0.1982421875, 0.328125, 0.34375, 0.9697265625, 0.0, 0.001953125, 0.150390625, 0.96875, 0.1396484375, 0.0, 0.0009765625, 0.001953125, 0.0009765625, 0.0009765625, 0.1904296875, 0.9677734375, 0.1923828125, 0.974609375, 0.330078125, 0.96875, 0.033203125, 0.0, 0.001953125, 0.138671875, 0.9619140625, 0.0244140625, 0.1787109375, 0.330078125, 0.173828125, 0.1435546875, 0.1318359375, 0.03125, 0.962890625, 0.1640625, 0.3310546875, 0.3173828125, 0.9619140625, 0.0009765625, 0.0, 0.1318359375, 0.96484375, 0.1396484375, 0.001953125, 0.0029296875, 0.0, 0.001953125, 0.0009765625, 0.181640625, 0.966796875, 0.203125, 0.9755859375, 0.3203125, 0.9814453125, 0.0341796875, 0.0, 0.0, 0.142578125, 0.9677734375, 0.0341796875, 0.1806640625, 0.3330078125, 0.177734375, 0.12890625, 0.1630859375, 0.0380859375, 0.9716796875, 0.1748046875, 0.35546875, 0.3310546875, 0.9677734375, 0.0, 0.0009765625, 0.1416015625, 0.9638671875, 0.1318359375, 0.0009765625, 0.0, 0.0, 0.0, 0.0, 0.1640625, 0.955078125, 0.1826171875, 0.96875, 0.328125, 0.9697265625, 0.029296875, 0.0009765625, 0.0009765625, 0.1435546875, 0.9658203125, 0.0302734375, 0.1884765625, 0.34765625, 0.1865234375, 0.150390625, 0.162109375, 0.0302734375, 0.9755859375, 0.1845703125, 0.3486328125, 0.33203125, 0.96484375, 0.0, 0.001953125, 0.14453125, 0.96484375, 0.1416015625, 0.0009765625, 0.001953125, 0.0009765625, 0.001953125, 0.0, 0.1943359375, 0.96484375, 0.185546875, 0.970703125, 0.3251953125, 0.970703125, 0.0244140625, 0.0, 0.0009765625, 0.150390625, 0.96875, 0.03515625, 0.16796875, 0.33203125, 0.1728515625, 0.134765625, 0.1455078125, 0.03515625, 0.96875, 0.201171875, 0.3486328125, 0.3095703125, 0.9658203125, 0.0, 0.0, 0.142578125, 0.9619140625, 0.125, 0.0009765625, 0.001953125, 0.0, 0.0009765625, 0.0, 0.177734375, 0.96875, 0.1708984375, 0.9599609375, 0.3505859375, 0.9755859375, 0.0341796875, 0.0009765625, 0.001953125, 0.1318359375, 0.9609375, 0.0322265625, 0.19140625, 0.3681640625, 0.189453125, 0.126953125, 0.1484375, 0.0283203125, 0.9501953125, 0.2060546875, 0.3525390625, 0.3408203125, 0.96875, 0.0, 0.0, 0.1279296875, 0.96875, 0.15625, 0.0029296875, 0.0009765625, 0.0009765625, 0.0009765625, 0.0009765625, 0.17578125, 0.962890625, 0.18359375, 0.95703125, 0.333984375, 0.9716796875, 0.0341796875, 0.0, 0.0009765625, 0.1318359375, 0.9775390625, 0.029296875, 0.1865234375, 0.3349609375, 0.1806640625, 0.1513671875, 0.1376953125, 0.0341796875, 0.9755859375, 0.1875, 0.32421875, 0.326171875, 0.978515625, 0.001953125, 0.0, 0.142578125, 0.970703125, 0.1630859375, 0.0, 0.0, 0.0009765625, 0.0, 0.0, 0.1826171875, 0.9677734375, 0.189453125, 0.9677734375, 0.337890625, 0.966796875, 0.02734375, 0.0, 0.0009765625, 0.1337890625, 0.9697265625, 0.03125, 0.1748046875, 0.3466796875, 0.19140625, 0.1337890625, 0.1279296875, 0.02734375, 0.9736328125, 0.18359375, 0.3427734375, 0.3583984375, 0.96484375, 0.0, 0.0, 0.1328125, 0.9697265625, 0.1396484375, 0.0, 0.0, 0.0009765625, 0.0009765625, 0.001953125, 0.2041015625, 0.9677734375, 0.1787109375, 0.9609375, 0.3125, 0.966796875, 0.0283203125, 0.0, 0.0009765625, 0.130859375, 0.9609375, 0.041015625, 0.1904296875, 0.3681640625, 0.2041015625, 0.1611328125, 0.13671875, 0.02734375, 0.96484375, 0.1513671875, 0.34375, 0.328125, 0.9619140625, 0.0009765625, 0.0, 0.123046875, 0.97265625, 0.1455078125, 0.0029296875, 0.0029296875, 0.0009765625, 0.001953125, 0.0, 0.1865234375, 0.9658203125, 0.203125, 0.9697265625, 0.365234375, 0.9697265625, 0.02734375, 0.0, 0.0009765625, 0.1455078125, 0.966796875, 0.0380859375, 0.197265625, 0.3203125, 0.1611328125, 0.1484375, 0.125, 0.0263671875, 0.9755859375, 0.185546875, 0.3291015625, 0.275390625, 0.962890625, 0.0, 0.001953125, 0.12890625, 0.9677734375],